"Net Name","Pass/Fail","Operation","Driver Comp Ref Des & Pin Name","Receiver Comp Ref Des & Pin Name","Associated Clk/Strobe Net Name","Associated Clk/Strobe Driver Comp Ref Des & Pin Name","Associated Clk/Strobe Receiver Comp Ref Des & Pin Name","Clk/Strobe Crossing Threshold Time, [ns]","Setup Time (From Sim), tIS, [ps]","Min Setup Time, tIS(min) = tIS - Initial Delay Delta, [ps]","Base Setup Time, tIS(base), [ps]","Setup Derate Time Delta, d(tIS), [ps]","Required Setup Time, tIS(req) = tIS(base) + d(tIS), [ps]","Setup Time Margin, tIS(margin) = tIS(min) - tIS(req), [ps]","Hold Time (From Sim), tIH, [ps]","Min Hold Time, tIH(min) = tIH - Initial Delay Delta, [ps]","Base Hold Time, tIH(base), [ps]","Hold Derate Time Delta, d(tIH), [ps]","Required Hold Time, tIH(req) = tIH(base) + d(tIH), [ps]","Hold Time Margin, tIH(margin) = tIH(min) - tIH(req), [ps]","Stimulus Offset, [ns]","Comments"
"DRAM_A0","Pass","Write rank(1,1)","U1.AC14","U2.N3","DRAM_CLK0_P","U1.AD15&AE15","U2.J7&K7","17.615"," 413.6"," 338.6","  60.0","  88.0"," 148.0"," 190.6"," 386.9"," 311.9","  95.0","  50.0"," 145.0"," 166.9","-0.469"
"DRAM_A0","Pass","Write rank(1,1)","U1.AC14","U3.N3","DRAM_CLK0_P","U1.AD15&AE15","U3.J7&K7","10.901"," 381.5"," 306.5","  60.0","  87.7"," 147.7"," 158.8","N/A","N/A","N/A","N/A","N/A","N/A","-0.469"
"DRAM_A0","Pass","Write rank(1,1)","U1.AC14","U3.N3","DRAM_CLK0_P","U1.AD15&AE15","U3.J7&K7","47.484"," 389.2"," 314.2","  60.0","  88.0"," 148.0"," 166.2"," 409.0"," 334.0","  95.0","  50.0"," 145.0"," 189.0","-0.469"
"DRAM_A0","Pass","Write rank(1,1)","U1.AC14","U4.N3","DRAM_CLK0_P","U1.AD15&AE15","U4.J7&K7","10.753"," 361.2"," 286.2","  60.0","  86.8"," 146.8"," 139.4","N/A","N/A","N/A","N/A","N/A","N/A","-0.469"
"DRAM_A0","Pass","Write rank(1,1)","U1.AC14","U4.N3","DRAM_CLK0_P","U1.AD15&AE15","U4.J7&K7"," 4.187","N/A","N/A","N/A","N/A","N/A","N/A"," 436.4"," 361.4","  95.0","  50.0"," 145.0"," 216.4","-0.469"
"DRAM_A0","Pass","Write rank(1,1)","U1.AC14","U5.N3","DRAM_CLK0_P","U1.AD15&AE15","U5.J7&K7","10.653"," 395.1"," 320.1","  60.0","  88.0"," 148.0"," 172.1","N/A","N/A","N/A","N/A","N/A","N/A","-0.469"
"DRAM_A0","Pass","Write rank(1,1)","U1.AC14","U5.N3","DRAM_CLK0_P","U1.AD15&AE15","U5.J7&K7","37.855"," 407.0"," 332.0","  60.0","  88.0"," 148.0"," 184.0"," 398.8"," 323.8","  95.0","  50.0"," 145.0"," 178.8","-0.469"
"DRAM_A1","Pass","Write rank(1,1)","U1.AB14","U2.P7","DRAM_CLK0_P","U1.AD15&AE15","U2.J7&K7","19.491"," 413.2"," 338.2","  60.0","  88.0"," 148.0"," 190.2"," 381.2"," 306.2","  95.0","  50.0"," 145.0"," 161.2","-0.469"
"DRAM_A1","Pass","Write rank(1,1)","U1.AB14","U2.P7","DRAM_CLK0_P","U1.AD15&AE15","U2.J7&K7","59.826"," 419.2"," 344.2","  60.0","  88.0"," 148.0"," 196.2"," 380.7"," 305.7","  95.0","  50.0"," 145.0"," 160.7","-0.469"
"DRAM_A1","Pass","Write rank(1,1)","U1.AB14","U3.P7","DRAM_CLK0_P","U1.AD15&AE15","U3.J7&K7","25.910"," 378.9"," 303.9","  60.0","  83.7"," 143.7"," 160.2"," 424.3"," 349.3","  95.0","  50.0"," 145.0"," 204.3","-0.469"
"DRAM_A1","Pass","Write rank(1,1)","U1.AB14","U3.P7","DRAM_CLK0_P","U1.AD15&AE15","U3.J7&K7","19.344"," 390.4"," 315.4","  60.0","  88.0"," 148.0"," 167.4"," 398.2"," 323.2","  95.0","  50.0"," 145.0"," 178.2","-0.469"
"DRAM_A1","Pass","Write rank(1,1)","U1.AB14","U4.P7","DRAM_CLK0_P","U1.AD15&AE15","U4.J7&K7","25.761"," 363.4"," 288.4","  60.0","  86.2"," 146.2"," 142.2"," 451.4"," 376.4","  95.0","  50.0"," 145.0"," 231.4","-0.469"
"DRAM_A1","Pass","Write rank(1,1)","U1.AB14","U4.P7","DRAM_CLK0_P","U1.AD15&AE15","U4.J7&K7","19.195"," 375.4"," 300.4","  60.0","  88.0"," 148.0"," 152.4"," 435.6"," 360.6","  95.0","  50.0"," 145.0"," 215.6","-0.469"
"DRAM_A1","Pass","Write rank(1,1)","U1.AB14","U5.P7","DRAM_CLK0_P","U1.AD15&AE15","U5.J7&K7"," 8.777"," 402.6"," 327.6","  60.0","  88.0"," 148.0"," 179.6","N/A","N/A","N/A","N/A","N/A","N/A","-0.469"
"DRAM_A1","Pass","Write rank(1,1)","U1.AB14","U5.P7","DRAM_CLK0_P","U1.AD15&AE15","U5.J7&K7","19.095"," 415.1"," 340.1","  60.0","  88.0"," 148.0"," 192.1"," 388.6"," 313.6","  95.0","  50.0"," 145.0"," 168.6","-0.469"
"DRAM_A10","Pass","Write rank(1,1)","U1.AA15","U2.L7","DRAM_CLK0_P","U1.AD15&AE15","U2.J7&K7"," 6.359"," 409.3"," 334.3","  60.0","  85.2"," 145.2"," 189.1"," 398.0"," 323.0","  95.0","  50.0"," 145.0"," 178.0","-0.469"
"DRAM_A10","Pass","Write rank(1,1)","U1.AA15","U2.L7","DRAM_CLK0_P","U1.AD15&AE15","U2.J7&K7","35.438","N/A","N/A","N/A","N/A","N/A","N/A"," 383.7"," 308.7","  95.0","  50.0"," 145.0"," 163.7","-0.469"
"DRAM_A10","Pass","Write rank(1,1)","U1.AA15","U3.L7","DRAM_CLK0_P","U1.AD15&AE15","U3.J7&K7"," 6.211"," 361.5"," 286.5","  60.0","  60.1"," 120.1"," 166.4"," 420.6"," 345.6","  95.0","  50.0"," 145.0"," 200.6","-0.469"
"DRAM_A10","Pass","Write rank(1,1)","U1.AA15","U3.L7","DRAM_CLK0_P","U1.AD15&AE15","U3.J7&K7","23.096"," 404.4"," 329.4","  60.0","  88.0"," 148.0"," 181.4"," 406.1"," 331.1","  95.0","  50.0"," 145.0"," 186.1","-0.469"
"DRAM_A10","Pass","Write rank(1,1)","U1.AA15","U4.L7","DRAM_CLK0_P","U1.AD15&AE15","U4.J7&K7"," 6.062"," 331.2"," 256.2","  60.0","  51.7"," 111.7"," 144.5"," 444.9"," 369.9","  95.0","  50.0"," 145.0"," 224.9","-0.469"
"DRAM_A10","Pass","Write rank(1,1)","U1.AA15","U4.L7","DRAM_CLK0_P","U1.AD15&AE15","U4.J7&K7","22.947"," 382.3"," 307.3","  60.0","  88.0"," 148.0"," 159.3"," 429.1"," 354.1","  95.0","  50.0"," 145.0"," 209.1","-0.469"
"DRAM_A10","Pass","Write rank(1,1)","U1.AA15","U5.L7","DRAM_CLK0_P","U1.AD15&AE15","U5.J7&K7"," 8.777"," 288.3"," 213.3","  60.0","  -4.2","  55.8"," 157.5","N/A","N/A","N/A","N/A","N/A","N/A","-0.469"
"DRAM_A10","Pass","Write rank(1,1)","U1.AA15","U5.L7","DRAM_CLK0_P","U1.AD15&AE15","U5.J7&K7","22.847"," 409.3"," 334.3","  60.0","  88.0"," 148.0"," 186.3"," 386.1"," 311.1","  95.0","  50.0"," 145.0"," 166.1","-0.469"
"DRAM_A11","Pass","Write rank(1,1)","U1.AC12","U2.R7","DRAM_CLK0_P","U1.AD15&AE15","U2.J7&K7"," 5.421"," 407.4"," 332.4","  60.0","  88.0"," 148.0"," 184.4"," 402.2"," 327.2","  95.0","  50.0"," 145.0"," 182.2","-0.469"
"DRAM_A11","Pass","Write rank(1,1)","U1.AC12","U2.R7","DRAM_CLK0_P","U1.AD15&AE15","U2.J7&K7","20.429"," 414.7"," 339.7","  60.0","  88.0"," 148.0"," 191.7"," 387.2"," 312.2","  95.0","  50.0"," 145.0"," 167.2","-0.469"
"DRAM_A11","Pass","Write rank(1,1)","U1.AC12","U3.R7","DRAM_CLK0_P","U1.AD15&AE15","U3.J7&K7"," 5.273"," 367.6"," 292.6","  60.0","  77.3"," 137.3"," 155.4"," 426.8"," 351.8","  95.0","  50.0"," 145.0"," 206.8","-0.469"
"DRAM_A11","Pass","Write rank(1,1)","U1.AC12","U3.R7","DRAM_CLK0_P","U1.AD15&AE15","U3.J7&K7","57.802"," 384.4"," 309.4","  60.0","  88.0"," 148.0"," 161.4"," 402.7"," 327.7","  95.0","  50.0"," 145.0"," 182.7","-0.469"
"DRAM_A11","Pass","Write rank(1,1)","U1.AC12","U4.R7","DRAM_CLK0_P","U1.AD15&AE15","U4.J7&K7"," 5.124"," 348.2"," 273.2","  60.0","  76.9"," 136.9"," 136.3"," 454.4"," 379.4","  95.0","  50.0"," 145.0"," 234.4","-0.469"
"DRAM_A11","Pass","Write rank(1,1)","U1.AC12","U4.R7","DRAM_CLK0_P","U1.AD15&AE15","U4.J7&K7","46.397"," 368.0"," 293.0","  60.0","  88.0"," 148.0"," 145.0"," 439.0"," 364.0","  95.0","  50.0"," 145.0"," 219.0","-0.469"
"DRAM_A11","Pass","Write rank(1,1)","U1.AC12","U5.R7","DRAM_CLK0_P","U1.AD15&AE15","U5.J7&K7"," 5.025"," 393.0"," 318.0","  60.0","  88.0"," 148.0"," 170.0"," 415.2"," 340.2","  95.0","  50.0"," 145.0"," 195.2","-0.469"
"DRAM_A11","Pass","Write rank(1,1)","U1.AC12","U5.R7","DRAM_CLK0_P","U1.AD15&AE15","U5.J7&K7","46.297"," 408.6"," 333.6","  60.0","  88.0"," 148.0"," 185.6"," 391.7"," 316.7","  95.0","  50.0"," 145.0"," 171.7","-0.469"
"DRAM_A12","Pass","Write rank(1,1)","U1.AD12","U2.N7","DRAM_CLK0_P","U1.AD15&AE15","U2.J7&K7"," 7.297"," 407.4"," 332.4","  60.0","  88.0"," 148.0"," 184.4","N/A","N/A","N/A","N/A","N/A","N/A","-0.469"
"DRAM_A12","Pass","Write rank(1,1)","U1.AD12","U2.N7","DRAM_CLK0_P","U1.AD15&AE15","U2.J7&K7"," 2.615"," 431.8"," 356.8","  60.0","  88.0"," 148.0"," 208.8"," 389.7"," 314.7","  95.0","  50.0"," 145.0"," 169.7","-0.469"
"DRAM_A12","Pass","Write rank(1,1)","U1.AD12","U3.N7","DRAM_CLK0_P","U1.AD15&AE15","U3.J7&K7","59.678"," 372.6"," 297.6","  60.0","  83.9"," 143.9"," 153.7","N/A","N/A","N/A","N/A","N/A","N/A","-0.469"
"DRAM_A12","Pass","Write rank(1,1)","U1.AD12","U3.N7","DRAM_CLK0_P","U1.AD15&AE15","U3.J7&K7"," 2.476"," 416.6"," 341.6","  60.0","  88.0"," 148.0"," 193.6"," 406.2"," 331.2","  95.0","  50.0"," 145.0"," 186.2","-0.469"
"DRAM_A12","Pass","Write rank(1,1)","U1.AD12","U4.N7","DRAM_CLK0_P","U1.AD15&AE15","U4.J7&K7","59.529"," 354.0"," 279.0","  60.0","  84.5"," 144.5"," 134.5","N/A","N/A","N/A","N/A","N/A","N/A","-0.469"
"DRAM_A12","Pass","Write rank(1,1)","U1.AD12","U4.N7","DRAM_CLK0_P","U1.AD15&AE15","U4.J7&K7","14.505","N/A","N/A","N/A","N/A","N/A","N/A"," 441.4"," 366.4","  95.0","  50.0"," 145.0"," 221.4","-0.469"
"DRAM_A12","Pass","Write rank(1,1)","U1.AD12","U5.N7","DRAM_CLK0_P","U1.AD15&AE15","U5.J7&K7","27.537"," 388.6"," 313.6","  60.0","  85.1"," 145.1"," 168.5","N/A","N/A","N/A","N/A","N/A","N/A","-0.469"
"DRAM_A12","Pass","Write rank(1,1)","U1.AD12","U5.N7","DRAM_CLK0_P","U1.AD15&AE15","U5.J7&K7","10.653"," 408.8"," 333.8","  60.0","  88.0"," 148.0"," 185.8"," 400.2"," 325.2","  95.0","  50.0"," 145.0"," 180.2","-0.469"
"DRAM_A13","Pass","Write rank(1,1)","U1.AC17","U2.T3","DRAM_CLK0_P","U1.AD15&AE15","U2.J7&K7","11.987"," 384.5"," 309.5","  60.0","  82.4"," 142.4"," 167.1","N/A","N/A","N/A","N/A","N/A","N/A","-0.469"
"DRAM_A13","Pass","Write rank(1,1)","U1.AC17","U2.T3","DRAM_CLK0_P","U1.AD15&AE15","U2.J7&K7","55.136","N/A","N/A","N/A","N/A","N/A","N/A"," 401.5"," 326.5","  95.0","  50.0"," 145.0"," 181.5","-0.469"
"DRAM_A13","Pass","Write rank(1,1)","U1.AC17","U3.T3","DRAM_CLK0_P","U1.AD15&AE15","U3.J7&K7","11.839"," 341.3"," 266.3","  60.0","  59.9"," 119.9"," 146.4","N/A","N/A","N/A","N/A","N/A","N/A","-0.469"
"DRAM_A13","Pass","Write rank(1,1)","U1.AC17","U3.T3","DRAM_CLK0_P","U1.AD15&AE15","U3.J7&K7","54.988","N/A","N/A","N/A","N/A","N/A","N/A"," 420.6"," 345.6","  95.0","  50.0"," 145.0"," 200.6","-0.469"
"DRAM_A13","Pass","Write rank(1,1)","U1.AC17","U4.T3","DRAM_CLK0_P","U1.AD15&AE15","U4.J7&K7","11.691"," 319.9"," 244.9","  60.0","  59.2"," 119.2"," 125.7","N/A","N/A","N/A","N/A","N/A","N/A","-0.469"
"DRAM_A13","Pass","Write rank(1,1)","U1.AC17","U4.T3","DRAM_CLK0_P","U1.AD15&AE15","U4.J7&K7","52.025","N/A","N/A","N/A","N/A","N/A","N/A"," 442.9"," 367.9","  95.0","  50.0"," 145.0"," 222.9","-0.469"
"DRAM_A13","Pass","Write rank(1,1)","U1.AC17","U5.T3","DRAM_CLK0_P","U1.AD15&AE15","U5.J7&K7","11.591"," 302.6"," 227.6","  60.0","   7.2","  67.2"," 160.4","N/A","N/A","N/A","N/A","N/A","N/A","-0.469"
"DRAM_A13","Pass","Write rank(1,1)","U1.AC17","U5.T3","DRAM_CLK0_P","U1.AD15&AE15","U5.J7&K7","44.421"," 401.1"," 326.1","  60.0","  88.0"," 148.0"," 178.1"," 394.9"," 319.9","  95.0","  50.0"," 145.0"," 174.9","-0.469"
"DRAM_A14","Pass","Write rank(1,1)","U1.AA12","U2.T7","DRAM_CLK0_P","U1.AD15&AE15","U2.J7&K7","44.818"," 399.8"," 324.8","  60.0","  84.4"," 144.4"," 180.5"," 404.1"," 329.1","  95.0","  50.0"," 145.0"," 184.1","-0.469"
"DRAM_A14","Pass","Write rank(1,1)","U1.AA12","U2.T7","DRAM_CLK0_P","U1.AD15&AE15","U2.J7&K7"," 3.547","N/A","N/A","N/A","N/A","N/A","N/A"," 387.9"," 312.9","  95.0","  50.0"," 145.0"," 167.9","-0.469"
"DRAM_A14","Pass","Write rank(1,1)","U1.AA12","U3.T7","DRAM_CLK0_P","U1.AD15&AE15","U3.J7&K7","44.670"," 359.2"," 284.2","  60.0","  63.5"," 123.5"," 160.7"," 425.0"," 350.0","  95.0","  50.0"," 145.0"," 205.0","-0.469"
"DRAM_A14","Pass","Write rank(1,1)","U1.AA12","U3.T7","DRAM_CLK0_P","U1.AD15&AE15","U3.J7&K7"," 3.403","N/A","N/A","N/A","N/A","N/A","N/A"," 403.2"," 328.2","  95.0","  50.0"," 145.0"," 183.2","-0.469"
"DRAM_A14","Pass","Write rank(1,1)","U1.AA12","U4.T7","DRAM_CLK0_P","U1.AD15&AE15","U4.J7&K7","44.521"," 338.3"," 263.3","  60.0","  63.8"," 123.8"," 139.5"," 446.1"," 371.1","  95.0","  50.0"," 145.0"," 226.1","-0.469"
"DRAM_A14","Pass","Write rank(1,1)","U1.AA12","U4.T7","DRAM_CLK0_P","U1.AD15&AE15","U4.J7&K7"," 3.249","N/A","N/A","N/A","N/A","N/A","N/A"," 430.4"," 355.4","  95.0","  50.0"," 145.0"," 210.4","-0.469"
"DRAM_A14","Pass","Write rank(1,1)","U1.AA12","U5.T7","DRAM_CLK0_P","U1.AD15&AE15","U5.J7&K7","36.917"," 283.9"," 208.9","  60.0","  -4.9","  55.1"," 153.8","N/A","N/A","N/A","N/A","N/A","N/A","-0.469"
"DRAM_A14","Pass","Write rank(1,1)","U1.AA12","U5.T7","DRAM_CLK0_P","U1.AD15&AE15","U5.J7&K7","18.157"," 410.3"," 335.3","  60.0","  88.0"," 148.0"," 187.3"," 381.1"," 306.1","  95.0","  50.0"," 145.0"," 161.1","-0.469"
"DRAM_A2","Pass","Write rank(1,1)","U1.AA14","U2.P3","DRAM_CLK0_P","U1.AD15&AE15","U2.J7&K7","15.739"," 410.9"," 335.9","  60.0","  88.0"," 148.0"," 187.9","N/A","N/A","N/A","N/A","N/A","N/A","-0.469"
"DRAM_A2","Pass","Write rank(1,1)","U1.AA14","U2.P3","DRAM_CLK0_P","U1.AD15&AE15","U2.J7&K7","58.888"," 411.0"," 336.0","  60.0","  88.0"," 148.0"," 188.0"," 385.4"," 310.4","  95.0","  50.0"," 145.0"," 165.4","-0.469"
"DRAM_A2","Pass","Write rank(1,1)","U1.AA14","U3.P3","DRAM_CLK0_P","U1.AD15&AE15","U3.J7&K7"," 9.025"," 378.6"," 303.6","  60.0","  84.8"," 144.8"," 158.8"," 430.6"," 355.6","  95.0","  50.0"," 145.0"," 210.6","-0.469"
"DRAM_A2","Pass","Write rank(1,1)","U1.AA14","U3.P3","DRAM_CLK0_P","U1.AD15&AE15","U3.J7&K7","58.740"," 387.6"," 312.6","  60.0","  88.0"," 148.0"," 164.6"," 403.3"," 328.3","  95.0","  50.0"," 145.0"," 183.3","-0.469"
"DRAM_A2","Pass","Write rank(1,1)","U1.AA14","U4.P3","DRAM_CLK0_P","U1.AD15&AE15","U4.J7&K7"," 8.877"," 358.3"," 283.3","  60.0","  83.4"," 143.4"," 139.9"," 455.6"," 380.6","  95.0","  50.0"," 145.0"," 235.6","-0.469"
"DRAM_A2","Pass","Write rank(1,1)","U1.AA14","U4.P3","DRAM_CLK0_P","U1.AD15&AE15","U4.J7&K7"," 2.320","N/A","N/A","N/A","N/A","N/A","N/A"," 429.8"," 354.8","  95.0","  50.0"," 145.0"," 209.8","-0.469"
"DRAM_A2","Pass","Write rank(1,1)","U1.AA14","U5.P3","DRAM_CLK0_P","U1.AD15&AE15","U5.J7&K7"," 8.777"," 401.3"," 326.3","  60.0","  88.0"," 148.0"," 178.3"," 417.4"," 342.4","  95.0","  50.0"," 145.0"," 197.4","-0.469"
"DRAM_A2","Pass","Write rank(1,1)","U1.AA14","U5.P3","DRAM_CLK0_P","U1.AD15&AE15","U5.J7&K7","24.723"," 410.9"," 335.9","  60.0","  88.0"," 148.0"," 187.9"," 394.7"," 319.7","  95.0","  50.0"," 145.0"," 174.7","-0.469"
"DRAM_A3","Pass","Write rank(1,1)","U1.Y14","U2.N2","DRAM_CLK0_P","U1.AD15&AE15","U2.J7&K7","52.322"," 383.5"," 308.5","  60.0","  86.0"," 146.0"," 162.6","N/A","N/A","N/A","N/A","N/A","N/A","-0.469"
"DRAM_A3","Pass","Write rank(1,1)","U1.Y14","U2.N2","DRAM_CLK0_P","U1.AD15&AE15","U2.J7&K7","56.074","N/A","N/A","N/A","N/A","N/A","N/A"," 404.3"," 329.3","  95.0","  50.0"," 145.0"," 184.3","-0.469"
"DRAM_A3","Pass","Write rank(1,1)","U1.Y14","U3.N2","DRAM_CLK0_P","U1.AD15&AE15","U3.J7&K7","52.174"," 345.8"," 270.8","  60.0","  66.2"," 126.2"," 144.6","N/A","N/A","N/A","N/A","N/A","N/A","-0.469"
"DRAM_A3","Pass","Write rank(1,1)","U1.Y14","U3.N2","DRAM_CLK0_P","U1.AD15&AE15","U3.J7&K7","55.926","N/A","N/A","N/A","N/A","N/A","N/A"," 423.3"," 348.3","  95.0","  50.0"," 145.0"," 203.3","-0.469"
"DRAM_A3","Pass","Write rank(1,1)","U1.Y14","U4.N2","DRAM_CLK0_P","U1.AD15&AE15","U4.J7&K7","52.025"," 326.1"," 251.1","  60.0","  66.5"," 126.5"," 124.6","N/A","N/A","N/A","N/A","N/A","N/A","-0.469"
"DRAM_A3","Pass","Write rank(1,1)","U1.Y14","U4.N2","DRAM_CLK0_P","U1.AD15&AE15","U4.J7&K7","55.777","N/A","N/A","N/A","N/A","N/A","N/A"," 443.2"," 368.2","  95.0","  50.0"," 145.0"," 223.2","-0.469"
"DRAM_A3","Pass","Write rank(1,1)","U1.Y14","U5.N2","DRAM_CLK0_P","U1.AD15&AE15","U5.J7&K7","51.925"," 336.0"," 261.0","  60.0","  41.8"," 101.8"," 159.2","N/A","N/A","N/A","N/A","N/A","N/A","-0.469"
"DRAM_A3","Pass","Write rank(1,1)","U1.Y14","U5.N2","DRAM_CLK0_P","U1.AD15&AE15","U5.J7&K7","25.661"," 397.7"," 322.7","  60.0","  88.0"," 148.0"," 174.7"," 395.7"," 320.7","  95.0","  50.0"," 145.0"," 175.7","-0.469"
"DRAM_A4","Pass","Write rank(1,1)","U1.W14","U2.P8","DRAM_CLK0_P","U1.AD15&AE15","U2.J7&K7","29.810"," 389.4"," 314.4","  60.0","  86.0"," 146.0"," 168.4"," 414.3"," 339.3","  95.0","  50.0"," 145.0"," 194.3","-0.469"
"DRAM_A4","Pass","Write rank(1,1)","U1.W14","U2.P8","DRAM_CLK0_P","U1.AD15&AE15","U2.J7&K7","19.491"," 413.0"," 338.0","  60.0","  88.0"," 148.0"," 190.0"," 393.3"," 318.3","  95.0","  50.0"," 145.0"," 173.3","-0.469"
"DRAM_A4","Pass","Write rank(1,1)","U1.W14","U3.P8","DRAM_CLK0_P","U1.AD15&AE15","U3.J7&K7","29.662"," 349.8"," 274.8","  60.0","  65.5"," 125.5"," 149.3"," 435.4"," 360.4","  95.0","  50.0"," 145.0"," 215.4","-0.469"
"DRAM_A4","Pass","Write rank(1,1)","U1.W14","U3.P8","DRAM_CLK0_P","U1.AD15&AE15","U3.J7&K7","19.344"," 391.1"," 316.1","  60.0","  88.0"," 148.0"," 168.1"," 413.7"," 338.7","  95.0","  50.0"," 145.0"," 193.7","-0.469"
"DRAM_A4","Pass","Write rank(1,1)","U1.W14","U4.P8","DRAM_CLK0_P","U1.AD15&AE15","U4.J7&K7","29.513"," 331.9"," 256.9","  60.0","  67.3"," 127.3"," 129.6"," 456.0"," 381.0","  95.0","  50.0"," 145.0"," 236.0","-0.469"
"DRAM_A4","Pass","Write rank(1,1)","U1.W14","U4.P8","DRAM_CLK0_P","U1.AD15&AE15","U4.J7&K7","51.087","N/A","N/A","N/A","N/A","N/A","N/A"," 434.3"," 359.3","  95.0","  50.0"," 145.0"," 214.3","-0.469"
"DRAM_A4","Pass","Write rank(1,1)","U1.W14","U5.P8","DRAM_CLK0_P","U1.AD15&AE15","U5.J7&K7","29.413"," 343.3"," 268.3","  60.0","  42.2"," 102.2"," 166.1"," 408.5"," 333.5","  95.0","  50.0"," 145.0"," 188.5","-0.469"
"DRAM_A4","Pass","Write rank(1,1)","U1.W14","U5.P8","DRAM_CLK0_P","U1.AD15&AE15","U5.J7&K7","19.095"," 406.2"," 331.2","  60.0","  88.0"," 148.0"," 183.2"," 382.4"," 307.4","  95.0","  50.0"," 145.0"," 162.4","-0.469"
"DRAM_A5","Pass","Write rank(1,1)","U1.AE13","U2.P2","DRAM_CLK0_P","U1.AD15&AE15","U2.J7&K7"," 9.173"," 372.4"," 297.4","  60.0","  85.1"," 145.1"," 152.3"," 432.0"," 357.0","  95.0","  50.0"," 145.0"," 212.0","-0.469"
"DRAM_A5","Pass","Write rank(1,1)","U1.AE13","U2.P2","DRAM_CLK0_P","U1.AD15&AE15","U2.J7&K7","58.888","N/A","N/A","N/A","N/A","N/A","N/A"," 415.4"," 340.4","  95.0","  50.0"," 145.0"," 195.4","-0.469"
"DRAM_A5","Pass","Write rank(1,1)","U1.AE13","U3.P2","DRAM_CLK0_P","U1.AD15&AE15","U3.J7&K7"," 9.025"," 327.8"," 252.8","  60.0","  61.4"," 121.4"," 131.4"," 454.0"," 379.0","  95.0","  50.0"," 145.0"," 234.0","-0.469"
"DRAM_A5","Pass","Write rank(1,1)","U1.AE13","U3.P2","DRAM_CLK0_P","U1.AD15&AE15","U3.J7&K7","58.740","N/A","N/A","N/A","N/A","N/A","N/A"," 434.4"," 359.4","  95.0","  50.0"," 145.0"," 214.4","-0.469"
"DRAM_A5","Pass","Write rank(1,1)","U1.AE13","U4.P2","DRAM_CLK0_P","U1.AD15&AE15","U4.J7&K7"," 8.877"," 305.3"," 230.3","  60.0","  59.5"," 119.5"," 110.8"," 474.3"," 399.3","  95.0","  50.0"," 145.0"," 254.3","-0.469"
"DRAM_A5","Pass","Write rank(1,1)","U1.AE13","U4.P2","DRAM_CLK0_P","U1.AD15&AE15","U4.J7&K7","58.591","N/A","N/A","N/A","N/A","N/A","N/A"," 455.5"," 380.5","  95.0","  50.0"," 145.0"," 235.5","-0.469"
"DRAM_A5","Pass","Write rank(1,1)","U1.AE13","U5.P2","DRAM_CLK0_P","U1.AD15&AE15","U5.J7&K7"," 8.777"," 247.9"," 172.9","  60.0","  -4.0","  56.0"," 116.9"," 430.7"," 355.7","  95.0","  50.0"," 145.0"," 210.7","-0.469"
"DRAM_A5","Pass","Write rank(1,1)","U1.AE13","U5.P2","DRAM_CLK0_P","U1.AD15&AE15","U5.J7&K7","29.413"," 386.1"," 311.1","  60.0","  88.0"," 148.0"," 163.1"," 412.9"," 337.9","  95.0","  50.0"," 145.0"," 192.9","-0.469"
"DRAM_A6","Pass","Write rank(1,1)","U1.AC13","U2.R8","DRAM_CLK0_P","U1.AD15&AE15","U2.J7&K7","20.429"," 382.8"," 307.8","  60.0","  82.9"," 142.9"," 164.9"," 417.9"," 342.9","  95.0","  50.0"," 145.0"," 197.9","-0.469"
"DRAM_A6","Pass","Write rank(1,1)","U1.AC13","U2.R8","DRAM_CLK0_P","U1.AD15&AE15","U2.J7&K7"," 3.547"," 402.0"," 327.0","  60.0","  88.0"," 148.0"," 179.0"," 402.5"," 327.5","  95.0","  50.0"," 145.0"," 182.5","-0.469"
"DRAM_A6","Pass","Write rank(1,1)","U1.AC13","U3.R8","DRAM_CLK0_P","U1.AD15&AE15","U3.J7&K7","20.282"," 341.6"," 266.6","  60.0","  62.0"," 122.0"," 144.6"," 439.1"," 364.1","  95.0","  50.0"," 145.0"," 219.1","-0.469"
"DRAM_A6","Pass","Write rank(1,1)","U1.AC13","U3.R8","DRAM_CLK0_P","U1.AD15&AE15","U3.J7&K7"," 3.403"," 386.0"," 311.0","  60.0","  88.0"," 148.0"," 163.0"," 418.3"," 343.3","  95.0","  50.0"," 145.0"," 198.3","-0.469"
"DRAM_A6","Pass","Write rank(1,1)","U1.AC13","U4.R8","DRAM_CLK0_P","U1.AD15&AE15","U4.J7&K7","30.451"," 321.9"," 246.9","  60.0","  61.9"," 121.9"," 125.0"," 459.0"," 384.0","  95.0","  50.0"," 145.0"," 239.0","-0.469"
"DRAM_A6","Pass","Write rank(1,1)","U1.AC13","U4.R8","DRAM_CLK0_P","U1.AD15&AE15","U4.J7&K7","47.335","N/A","N/A","N/A","N/A","N/A","N/A"," 442.4"," 367.4","  95.0","  50.0"," 145.0"," 222.4","-0.469"
"DRAM_A6","Pass","Write rank(1,1)","U1.AC13","U5.R8","DRAM_CLK0_P","U1.AD15&AE15","U5.J7&K7","20.033"," 326.6"," 251.6","  60.0","  28.2","  88.2"," 163.4"," 410.6"," 335.6","  95.0","  50.0"," 145.0"," 190.6","-0.469"
"DRAM_A6","Pass","Write rank(1,1)","U1.AC13","U5.R8","DRAM_CLK0_P","U1.AD15&AE15","U5.J7&K7"," 3.149"," 397.5"," 322.5","  60.0","  88.0"," 148.0"," 174.5"," 391.1"," 316.1","  95.0","  50.0"," 145.0"," 171.1","-0.469"
"DRAM_A7","Pass","Write rank(1,1)","U1.Y13","U2.R2","DRAM_CLK0_P","U1.AD15&AE15","U2.J7&K7","54.198"," 382.0"," 307.0","  60.0","  84.4"," 144.4"," 162.5"," 421.3"," 346.3","  95.0","  50.0"," 145.0"," 201.3","-0.469"
"DRAM_A7","Pass","Write rank(1,1)","U1.Y13","U2.R2","DRAM_CLK0_P","U1.AD15&AE15","U2.J7&K7"," 3.547"," 399.9"," 324.9","  60.0","  88.0"," 148.0"," 176.9"," 405.6"," 330.6","  95.0","  50.0"," 145.0"," 185.6","-0.469"
"DRAM_A7","Pass","Write rank(1,1)","U1.Y13","U3.R2","DRAM_CLK0_P","U1.AD15&AE15","U3.J7&K7","11.839"," 342.1"," 267.1","  60.0","  63.3"," 123.3"," 143.8","N/A","N/A","N/A","N/A","N/A","N/A","-0.469"
"DRAM_A7","Pass","Write rank(1,1)","U1.Y13","U3.R2","DRAM_CLK0_P","U1.AD15&AE15","U3.J7&K7"," 3.403"," 384.4"," 309.4","  60.0","  88.0"," 148.0"," 161.4"," 421.5"," 346.5","  95.0","  50.0"," 145.0"," 201.5","-0.469"
"DRAM_A7","Pass","Write rank(1,1)","U1.Y13","U4.R2","DRAM_CLK0_P","U1.AD15&AE15","U4.J7&K7","11.691"," 322.9"," 247.9","  60.0","  63.7"," 123.7"," 124.3","N/A","N/A","N/A","N/A","N/A","N/A","-0.469"
"DRAM_A7","Pass","Write rank(1,1)","U1.Y13","U4.R2","DRAM_CLK0_P","U1.AD15&AE15","U4.J7&K7","33.265","N/A","N/A","N/A","N/A","N/A","N/A"," 444.4"," 369.4","  95.0","  50.0"," 145.0"," 224.4","-0.469"
"DRAM_A7","Pass","Write rank(1,1)","U1.Y13","U5.R2","DRAM_CLK0_P","U1.AD15&AE15","U5.J7&K7","53.801"," 333.3"," 258.3","  60.0","  37.6","  97.6"," 160.7"," 414.8"," 339.8","  95.0","  50.0"," 145.0"," 194.8","-0.469"
"DRAM_A7","Pass","Write rank(1,1)","U1.Y13","U5.R2","DRAM_CLK0_P","U1.AD15&AE15","U5.J7&K7"," 3.149"," 396.0"," 321.0","  60.0","  88.0"," 148.0"," 173.0"," 395.8"," 320.8","  95.0","  50.0"," 145.0"," 175.8","-0.469"
"DRAM_A8","Pass","Write rank(1,1)","U1.AB13","U2.T8","DRAM_CLK0_P","U1.AD15&AE15","U2.J7&K7","21.367"," 401.5"," 326.5","  60.0","  88.0"," 148.0"," 178.5"," 397.8"," 322.8","  95.0","  50.0"," 145.0"," 177.8","-0.469"
"DRAM_A8","Pass","Write rank(1,1)","U1.AB13","U2.T8","DRAM_CLK0_P","U1.AD15&AE15","U2.J7&K7","39.190"," 408.9"," 333.9","  60.0","  88.0"," 148.0"," 185.9"," 387.5"," 312.5","  95.0","  50.0"," 145.0"," 167.5","-0.469"
"DRAM_A8","Pass","Write rank(1,1)","U1.AB13","U3.T8","DRAM_CLK0_P","U1.AD15&AE15","U3.J7&K7","21.220"," 369.2"," 294.2","  60.0","  84.6"," 144.6"," 149.6"," 413.6"," 338.6","  95.0","  50.0"," 145.0"," 193.6","-0.469"
"DRAM_A8","Pass","Write rank(1,1)","U1.AB13","U3.T8","DRAM_CLK0_P","U1.AD15&AE15","U3.J7&K7","39.042"," 385.2"," 310.2","  60.0","  88.0"," 148.0"," 162.2"," 395.1"," 320.1","  95.0","  50.0"," 145.0"," 175.1","-0.469"
"DRAM_A8","Pass","Write rank(1,1)","U1.AB13","U4.T8","DRAM_CLK0_P","U1.AD15&AE15","U4.J7&K7","24.823"," 358.4"," 283.4","  60.0","  87.5"," 147.5"," 135.9"," 449.9"," 374.9","  95.0","  50.0"," 145.0"," 229.9","-0.469"
"DRAM_A8","Pass","Write rank(1,1)","U1.AB13","U4.T8","DRAM_CLK0_P","U1.AD15&AE15","U4.J7&K7","38.893"," 373.1"," 298.1","  60.0","  88.0"," 148.0"," 150.1"," 430.8"," 355.8","  95.0","  50.0"," 145.0"," 210.8","-0.469"
"DRAM_A8","Pass","Write rank(1,1)","U1.AB13","U5.T8","DRAM_CLK0_P","U1.AD15&AE15","U5.J7&K7","10.653"," 395.2"," 320.2","  60.0","  85.2"," 145.2"," 175.0","N/A","N/A","N/A","N/A","N/A","N/A","-0.469"
"DRAM_A8","Pass","Write rank(1,1)","U1.AB13","U5.T8","DRAM_CLK0_P","U1.AD15&AE15","U5.J7&K7","38.793"," 417.5"," 342.5","  60.0","  88.0"," 148.0"," 194.5"," 382.0"," 307.0","  95.0","  50.0"," 145.0"," 162.0","-0.469"
"DRAM_A9","Pass","Write rank(1,1)","U1.AE12","U2.R3","DRAM_CLK0_P","U1.AD15&AE15","U2.J7&K7","11.987"," 386.3"," 311.3","  60.0","  88.0"," 148.0"," 163.3"," 409.9"," 334.9","  95.0","  50.0"," 145.0"," 189.9","-0.469"
"DRAM_A9","Pass","Write rank(1,1)","U1.AE12","U2.R3","DRAM_CLK0_P","U1.AD15&AE15","U2.J7&K7"," 2.615"," 408.9"," 333.9","  60.0","  88.0"," 148.0"," 185.9"," 409.4"," 334.4","  95.0","  50.0"," 145.0"," 189.4","-0.469"
"DRAM_A9","Pass","Write rank(1,1)","U1.AE12","U3.R3","DRAM_CLK0_P","U1.AD15&AE15","U3.J7&K7","27.786"," 355.5"," 280.5","  60.0","  85.4"," 145.4"," 135.1"," 452.2"," 377.2","  95.0","  50.0"," 145.0"," 232.2","-0.469"
"DRAM_A9","Pass","Write rank(1,1)","U1.AE12","U3.R3","DRAM_CLK0_P","U1.AD15&AE15","U3.J7&K7"," 2.476"," 392.1"," 317.1","  60.0","  88.0"," 148.0"," 169.1"," 419.8"," 344.8","  95.0","  48.8"," 143.8"," 201.0","-0.469"
"DRAM_A9","Pass","Write rank(1,1)","U1.AE12","U4.R3","DRAM_CLK0_P","U1.AD15&AE15","U4.J7&K7","60.467"," 339.4"," 264.4","  60.0","  88.0"," 148.0"," 116.4","N/A","N/A","N/A","N/A","N/A","N/A","-0.469"
"DRAM_A9","Pass","Write rank(1,1)","U1.AE12","U4.R3","DRAM_CLK0_P","U1.AD15&AE15","U4.J7&K7","43.583","N/A","N/A","N/A","N/A","N/A","N/A"," 459.5"," 384.5","  95.0","  50.0"," 145.0"," 239.5","-0.469"
"DRAM_A9","Pass","Write rank(1,1)","U1.AE12","U5.R3","DRAM_CLK0_P","U1.AD15&AE15","U5.J7&K7","18.157"," 379.9"," 304.9","  60.0","  88.0"," 148.0"," 156.9","N/A","N/A","N/A","N/A","N/A","N/A","-0.469"
"DRAM_A9","Pass","Write rank(1,1)","U1.AE12","U5.R3","DRAM_CLK0_P","U1.AD15&AE15","U5.J7&K7","20.033"," 392.4"," 317.4","  60.0","  88.0"," 148.0"," 169.4"," 419.9"," 344.9","  95.0","  50.0"," 145.0"," 199.9","-0.469"
"DRAM_CAS_B","Pass","Write rank(1,1)","U1.AE16","U2.K3","DRAM_CLK0_P","U1.AD15&AE15","U2.J7&K7","12.925"," 387.0"," 312.0","  60.0","  84.2"," 144.2"," 167.8","N/A","N/A","N/A","N/A","N/A","N/A","-0.469"
"DRAM_CAS_B","Pass","Write rank(1,1)","U1.AE16","U2.K3","DRAM_CLK0_P","U1.AD15&AE15","U2.J7&K7","22.305","N/A","N/A","N/A","N/A","N/A","N/A"," 404.7"," 329.7","  95.0","  50.0"," 145.0"," 184.7","-0.469"
"DRAM_CAS_B","Pass","Write rank(1,1)","U1.AE16","U3.K3","DRAM_CLK0_P","U1.AD15&AE15","U3.J7&K7","12.777"," 340.9"," 265.9","  60.0","  62.3"," 122.3"," 143.6","N/A","N/A","N/A","N/A","N/A","N/A","-0.469"
"DRAM_CAS_B","Pass","Write rank(1,1)","U1.AE16","U3.K3","DRAM_CLK0_P","U1.AD15&AE15","U3.J7&K7","22.158","N/A","N/A","N/A","N/A","N/A","N/A"," 429.3"," 354.3","  95.0","  50.0"," 145.0"," 209.3","-0.469"
"DRAM_CAS_B","Pass","Write rank(1,1)","U1.AE16","U4.K3","DRAM_CLK0_P","U1.AD15&AE15","U4.J7&K7","12.629"," 310.7"," 235.7","  60.0","  57.5"," 117.5"," 118.2","N/A","N/A","N/A","N/A","N/A","N/A","-0.469"
"DRAM_CAS_B","Pass","Write rank(1,1)","U1.AE16","U4.K3","DRAM_CLK0_P","U1.AD15&AE15","U4.J7&K7","22.009","N/A","N/A","N/A","N/A","N/A","N/A"," 455.7"," 380.7","  95.0","  50.0"," 145.0"," 235.7","-0.469"
"DRAM_CAS_B","Pass","Write rank(1,1)","U1.AE16","U5.K3","DRAM_CLK0_P","U1.AD15&AE15","U5.J7&K7","47.235"," 299.6"," 224.6","  60.0","  15.2","  75.2"," 149.4"," 444.9"," 369.9","  95.0","  50.0"," 145.0"," 224.9","-0.469"
"DRAM_CAS_B","Pass","Write rank(1,1)","U1.AE16","U5.K3","DRAM_CLK0_P","U1.AD15&AE15","U5.J7&K7"," 3.149"," 382.9"," 307.9","  60.0","  88.0"," 148.0"," 159.9"," 420.8"," 345.8","  95.0","  50.0"," 145.0"," 200.8","-0.469"
"DRAM_CS0_B","Pass","Write rank(1,1)","U1.Y16","U2.L2","DRAM_CLK0_P","U1.AD15&AE15","U2.J7&K7","41.066"," 410.8"," 335.8","  60.0","  88.0"," 148.0"," 187.8"," 387.4"," 312.4","  95.0","  50.0"," 145.0"," 167.4","-0.469"
"DRAM_CS0_B","Pass","Write rank(1,1)","U1.Y16","U2.L2","DRAM_CLK0_P","U1.AD15&AE15","U2.J7&K7","10.111"," 418.4"," 343.4","  60.0","  88.0"," 148.0"," 195.4"," 383.7"," 308.7","  95.0","  50.0"," 145.0"," 163.7","-0.469"
"DRAM_CS0_B","Pass","Write rank(1,1)","U1.Y16","U3.L2","DRAM_CLK0_P","U1.AD15&AE15","U3.J7&K7","38.104"," 381.5"," 306.5","  60.0","  86.6"," 146.6"," 159.9","N/A","N/A","N/A","N/A","N/A","N/A","-0.469"
"DRAM_CS0_B","Pass","Write rank(1,1)","U1.Y16","U3.L2","DRAM_CLK0_P","U1.AD15&AE15","U3.J7&K7","18.406"," 388.8"," 313.8","  60.0","  88.0"," 148.0"," 165.8"," 406.0"," 331.0","  95.0","  50.0"," 145.0"," 186.0","-0.469"
"DRAM_CS0_B","Pass","Write rank(1,1)","U1.Y16","U4.L2","DRAM_CLK0_P","U1.AD15&AE15","U4.J7&K7","25.761"," 358.0"," 283.0","  60.0","  86.8"," 146.8"," 136.2","N/A","N/A","N/A","N/A","N/A","N/A","-0.469"
"DRAM_CS0_B","Pass","Write rank(1,1)","U1.Y16","U4.L2","DRAM_CLK0_P","U1.AD15&AE15","U4.J7&K7","31.389","N/A","N/A","N/A","N/A","N/A","N/A"," 435.6"," 360.6","  95.0","  50.0"," 145.0"," 215.6","-0.469"
"DRAM_CS0_B","Pass","Write rank(1,1)","U1.Y16","U5.L2","DRAM_CLK0_P","U1.AD15&AE15","U5.J7&K7"," 5.962"," 386.6"," 311.6","  60.0","  74.2"," 134.2"," 177.4","N/A","N/A","N/A","N/A","N/A","N/A","-0.469"
"DRAM_CS0_B","Pass","Write rank(1,1)","U1.Y16","U5.L2","DRAM_CLK0_P","U1.AD15&AE15","U5.J7&K7"," 9.715"," 410.5"," 335.5","  60.0","  88.0"," 148.0"," 187.5"," 400.3"," 325.3","  95.0","  50.0"," 145.0"," 180.3","-0.469"
"DRAM_RAS_B","Pass","Write rank(1,1)","U1.AB15","U2.J3","DRAM_CLK0_P","U1.AD15&AE15","U2.J7&K7","57.012"," 407.9"," 332.9","  60.0","  86.3"," 146.3"," 186.6","N/A","N/A","N/A","N/A","N/A","N/A","-0.469"
"DRAM_RAS_B","Pass","Write rank(1,1)","U1.AB15","U2.J3","DRAM_CLK0_P","U1.AD15&AE15","U2.J7&K7","38.252","N/A","N/A","N/A","N/A","N/A","N/A"," 387.6"," 312.6","  95.0","  50.0"," 145.0"," 167.6","-0.469"
"DRAM_RAS_B","Pass","Write rank(1,1)","U1.AB15","U3.J3","DRAM_CLK0_P","U1.AD15&AE15","U3.J7&K7","56.864"," 362.8"," 287.8","  60.0","  65.4"," 125.4"," 162.4","N/A","N/A","N/A","N/A","N/A","N/A","-0.469"
"DRAM_RAS_B","Pass","Write rank(1,1)","U1.AB15","U3.J3","DRAM_CLK0_P","U1.AD15&AE15","U3.J7&K7","38.104","N/A","N/A","N/A","N/A","N/A","N/A"," 413.5"," 338.5","  95.0","  50.0"," 145.0"," 193.5","-0.469"
"DRAM_RAS_B","Pass","Write rank(1,1)","U1.AB15","U4.J3","DRAM_CLK0_P","U1.AD15&AE15","U4.J7&K7","56.715"," 330.9"," 255.9","  60.0","  60.6"," 120.6"," 135.3","N/A","N/A","N/A","N/A","N/A","N/A","-0.469"
"DRAM_RAS_B","Pass","Write rank(1,1)","U1.AB15","U4.J3","DRAM_CLK0_P","U1.AD15&AE15","U4.J7&K7","27.637"," 373.4"," 298.4","  60.0","  88.0"," 148.0"," 150.4"," 440.2"," 365.2","  95.0","  50.0"," 145.0"," 220.2","-0.469"
"DRAM_RAS_B","Pass","Write rank(1,1)","U1.AB15","U5.J3","DRAM_CLK0_P","U1.AD15&AE15","U5.J7&K7","56.615"," 329.2"," 254.2","  60.0","  28.0","  88.0"," 166.2","N/A","N/A","N/A","N/A","N/A","N/A","-0.469"
"DRAM_RAS_B","Pass","Write rank(1,1)","U1.AB15","U5.J3","DRAM_CLK0_P","U1.AD15&AE15","U5.J7&K7","20.971"," 397.9"," 322.9","  60.0","  88.0"," 148.0"," 174.9"," 402.8"," 327.8","  95.0","  50.0"," 145.0"," 182.8","-0.469"
"DRAM_SDBA0","Pass","Write rank(1,1)","U1.AC15","U2.M2","DRAM_CLK0_P","U1.AD15&AE15","U2.J7&K7"," 7.297"," 395.6"," 320.6","  60.0","  87.2"," 147.2"," 173.4","N/A","N/A","N/A","N/A","N/A","N/A","-0.469"
"DRAM_SDBA0","Pass","Write rank(1,1)","U1.AC15","U2.M2","DRAM_CLK0_P","U1.AD15&AE15","U2.J7&K7","59.826","N/A","N/A","N/A","N/A","N/A","N/A"," 397.3"," 322.3","  95.0","  50.0"," 145.0"," 177.3","-0.469"
"DRAM_SDBA0","Pass","Write rank(1,1)","U1.AC15","U3.M2","DRAM_CLK0_P","U1.AD15&AE15","U3.J7&K7"," 7.149"," 351.1"," 276.1","  60.0","  63.4"," 123.4"," 152.7","N/A","N/A","N/A","N/A","N/A","N/A","-0.469"
"DRAM_SDBA0","Pass","Write rank(1,1)","U1.AC15","U3.M2","DRAM_CLK0_P","U1.AD15&AE15","U3.J7&K7","59.678","N/A","N/A","N/A","N/A","N/A","N/A"," 418.7"," 343.7","  95.0","  50.0"," 145.0"," 198.7","-0.469"
"DRAM_SDBA0","Pass","Write rank(1,1)","U1.AC15","U4.M2","DRAM_CLK0_P","U1.AD15&AE15","U4.J7&K7","27.637"," 323.8"," 248.8","  60.0","  59.7"," 119.7"," 129.1"," 459.0"," 384.0","  95.0","  50.0"," 145.0"," 239.0","-0.469"
"DRAM_SDBA0","Pass","Write rank(1,1)","U1.AC15","U4.M2","DRAM_CLK0_P","U1.AD15&AE15","U4.J7&K7","15.443","N/A","N/A","N/A","N/A","N/A","N/A"," 444.1"," 369.1","  95.0","  50.0"," 145.0"," 224.1","-0.469"
"DRAM_SDBA0","Pass","Write rank(1,1)","U1.AC15","U5.M2","DRAM_CLK0_P","U1.AD15&AE15","U5.J7&K7","16.281"," 287.4"," 212.4","  60.0","  -2.6","  57.4"," 155.0","N/A","N/A","N/A","N/A","N/A","N/A","-0.469"
"DRAM_SDBA0","Pass","Write rank(1,1)","U1.AC15","U5.M2","DRAM_CLK0_P","U1.AD15&AE15","U5.J7&K7"," 8.777"," 398.1"," 323.1","  60.0","  88.0"," 148.0"," 175.1"," 399.8"," 324.8","  95.0","  50.0"," 145.0"," 179.8","-0.469"
"DRAM_SDBA1","Pass","Write rank(1,1)","U1.Y15","U2.N8","DRAM_CLK0_P","U1.AD15&AE15","U2.J7&K7","52.322"," 395.0"," 320.0","  60.0","  88.0"," 148.0"," 172.0","N/A","N/A","N/A","N/A","N/A","N/A","-0.469"
"DRAM_SDBA1","Pass","Write rank(1,1)","U1.Y15","U2.N8","DRAM_CLK0_P","U1.AD15&AE15","U2.J7&K7","18.553","N/A","N/A","N/A","N/A","N/A","N/A"," 394.1"," 319.1","  95.0","  50.0"," 145.0"," 174.1","-0.469"
"DRAM_SDBA1","Pass","Write rank(1,1)","U1.Y15","U3.N8","DRAM_CLK0_P","U1.AD15&AE15","U3.J7&K7","52.174"," 359.9"," 284.9","  60.0","  71.0"," 131.0"," 153.9","N/A","N/A","N/A","N/A","N/A","N/A","-0.469"
"DRAM_SDBA1","Pass","Write rank(1,1)","U1.Y15","U3.N8","DRAM_CLK0_P","U1.AD15&AE15","U3.J7&K7","18.406","N/A","N/A","N/A","N/A","N/A","N/A"," 413.2"," 338.2","  95.0","  50.0"," 145.0"," 193.2","-0.469"
"DRAM_SDBA1","Pass","Write rank(1,1)","U1.Y15","U4.N8","DRAM_CLK0_P","U1.AD15&AE15","U4.J7&K7","52.025"," 338.2"," 263.2","  60.0","  70.9"," 130.9"," 132.3","N/A","N/A","N/A","N/A","N/A","N/A","-0.469"
"DRAM_SDBA1","Pass","Write rank(1,1)","U1.Y15","U4.N8","DRAM_CLK0_P","U1.AD15&AE15","U4.J7&K7","18.257","N/A","N/A","N/A","N/A","N/A","N/A"," 435.8"," 360.8","  95.0","  50.0"," 145.0"," 215.8","-0.469"
"DRAM_SDBA1","Pass","Write rank(1,1)","U1.Y15","U5.N8","DRAM_CLK0_P","U1.AD15&AE15","U5.J7&K7","41.607"," 353.8"," 278.8","  60.0","  57.3"," 117.3"," 161.5","N/A","N/A","N/A","N/A","N/A","N/A","-0.469"
"DRAM_SDBA1","Pass","Write rank(1,1)","U1.Y15","U5.N8","DRAM_CLK0_P","U1.AD15&AE15","U5.J7&K7"," 9.715"," 402.6"," 327.6","  60.0","  88.0"," 148.0"," 179.6"," 392.2"," 317.2","  95.0","  50.0"," 145.0"," 172.2","-0.469"
"DRAM_SDBA2","Pass","Write rank(1,1)","U1.AB12","U2.M3","DRAM_CLK0_P","U1.AD15&AE15","U2.J7&K7"," 4.484"," 403.2"," 328.2","  60.0","  85.2"," 145.2"," 183.0","N/A","N/A","N/A","N/A","N/A","N/A","-0.469"
"DRAM_SDBA2","Pass","Write rank(1,1)","U1.AB12","U2.M3","DRAM_CLK0_P","U1.AD15&AE15","U2.J7&K7","46.694","N/A","N/A","N/A","N/A","N/A","N/A"," 389.2"," 314.2","  95.0","  50.0"," 145.0"," 169.2","-0.469"
"DRAM_SDBA2","Pass","Write rank(1,1)","U1.AB12","U3.M3","DRAM_CLK0_P","U1.AD15&AE15","U3.J7&K7"," 4.336"," 356.0"," 281.0","  60.0","  59.7"," 119.7"," 161.2","N/A","N/A","N/A","N/A","N/A","N/A","-0.469"
"DRAM_SDBA2","Pass","Write rank(1,1)","U1.AB12","U3.M3","DRAM_CLK0_P","U1.AD15&AE15","U3.J7&K7","46.546","N/A","N/A","N/A","N/A","N/A","N/A"," 410.8"," 335.8","  95.0","  50.0"," 145.0"," 190.8","-0.469"
"DRAM_SDBA2","Pass","Write rank(1,1)","U1.AB12","U4.M3","DRAM_CLK0_P","U1.AD15&AE15","U4.J7&K7"," 4.187"," 328.4"," 253.4","  60.0","  53.3"," 113.3"," 140.0","N/A","N/A","N/A","N/A","N/A","N/A","-0.469"
"DRAM_SDBA2","Pass","Write rank(1,1)","U1.AB12","U4.M3","DRAM_CLK0_P","U1.AD15&AE15","U4.J7&K7"," 6.062"," 378.6"," 303.6","  60.0","  88.0"," 148.0"," 155.6"," 434.3"," 359.3","  95.0","  50.0"," 145.0"," 214.3","-0.469"
"DRAM_SDBA2","Pass","Write rank(1,1)","U1.AB12","U5.M3","DRAM_CLK0_P","U1.AD15&AE15","U5.J7&K7","19.095"," 289.5"," 214.5","  60.0","  -3.8","  56.2"," 158.3","N/A","N/A","N/A","N/A","N/A","N/A","-0.469"
"DRAM_SDBA2","Pass","Write rank(1,1)","U1.AB12","U5.M3","DRAM_CLK0_P","U1.AD15&AE15","U5.J7&K7"," 5.962"," 408.2"," 333.2","  60.0","  88.0"," 148.0"," 185.2"," 389.6"," 314.6","  95.0","  50.0"," 145.0"," 169.6","-0.469"
"DRAM_SDCKE0","Pass","Write rank(1,1)","U1.Y11","U2.K9","DRAM_CLK0_P","U1.AD15&AE15","U2.J7&K7","10.111"," 388.8"," 313.8","  60.0","  84.7"," 144.7"," 169.1","N/A","N/A","N/A","N/A","N/A","N/A","-0.469"
"DRAM_SDCKE0","Pass","Write rank(1,1)","U1.Y11","U2.K9","DRAM_CLK0_P","U1.AD15&AE15","U2.J7&K7"," 2.615","N/A","N/A","N/A","N/A","N/A","N/A"," 394.3"," 319.3","  95.0","  50.0"," 145.0"," 174.3","-0.469"
"DRAM_SDCKE0","Pass","Write rank(1,1)","U1.Y11","U3.K9","DRAM_CLK0_P","U1.AD15&AE15","U3.J7&K7"," 9.963"," 345.6"," 270.6","  60.0","  64.5"," 124.5"," 146.1","N/A","N/A","N/A","N/A","N/A","N/A","-0.469"
"DRAM_SDCKE0","Pass","Write rank(1,1)","U1.Y11","U3.K9","DRAM_CLK0_P","U1.AD15&AE15","U3.J7&K7"," 2.476","N/A","N/A","N/A","N/A","N/A","N/A"," 407.9"," 332.9","  95.0","  50.0"," 145.0"," 187.9","-0.469"
"DRAM_SDCKE0","Pass","Write rank(1,1)","U1.Y11","U4.K9","DRAM_CLK0_P","U1.AD15&AE15","U4.J7&K7","34.203"," 319.6"," 244.6","  60.0","  60.2"," 120.2"," 124.4","N/A","N/A","N/A","N/A","N/A","N/A","-0.469"
"DRAM_SDCKE0","Pass","Write rank(1,1)","U1.Y11","U4.K9","DRAM_CLK0_P","U1.AD15&AE15","U4.J7&K7"," 2.320","N/A","N/A","N/A","N/A","N/A","N/A"," 437.3"," 362.3","  95.0","  50.0"," 145.0"," 217.3","-0.469"
"DRAM_SDCKE0","Pass","Write rank(1,1)","U1.Y11","U5.K9","DRAM_CLK0_P","U1.AD15&AE15","U5.J7&K7","23.785"," 296.9"," 221.9","  60.0","   4.5","  64.5"," 157.5"," 419.3"," 344.3","  95.0","  50.0"," 145.0"," 199.3","-0.469"
"DRAM_SDCKE0","Pass","Write rank(1,1)","U1.Y11","U5.K9","DRAM_CLK0_P","U1.AD15&AE15","U5.J7&K7","42.545"," 388.2"," 313.2","  60.0","  88.0"," 148.0"," 165.2"," 402.3"," 327.3","  95.0","  50.0"," 145.0"," 182.3","-0.469"
"DRAM_SDODT0","Pass","Write rank(1,1)","U1.AC16","U2.K1","DRAM_CLK0_P","U1.AD15&AE15","U2.J7&K7","46.694"," 397.2"," 322.2","  60.0","  88.0"," 148.0"," 174.2","N/A","N/A","N/A","N/A","N/A","N/A","-0.469"
"DRAM_SDODT0","Pass","Write rank(1,1)","U1.AC16","U2.K1","DRAM_CLK0_P","U1.AD15&AE15","U2.J7&K7","21.367"," 402.8"," 327.8","  60.0","  88.0"," 148.0"," 179.8"," 396.4"," 321.4","  95.0","  50.0"," 145.0"," 176.4","-0.469"
"DRAM_SDODT0","Pass","Write rank(1,1)","U1.AC16","U3.K1","DRAM_CLK0_P","U1.AD15&AE15","U3.J7&K7","13.715"," 363.5"," 288.5","  60.0","  84.2"," 144.2"," 144.3"," 438.1"," 363.1","  95.0","  50.0"," 145.0"," 218.1","-0.469"
"DRAM_SDODT0","Pass","Write rank(1,1)","U1.AC16","U3.K1","DRAM_CLK0_P","U1.AD15&AE15","U3.J7&K7","58.740"," 376.1"," 301.1","  60.0","  88.0"," 148.0"," 153.1"," 411.6"," 336.6","  95.0","  50.0"," 145.0"," 191.6","-0.469"
"DRAM_SDODT0","Pass","Write rank(1,1)","U1.AC16","U4.K1","DRAM_CLK0_P","U1.AD15&AE15","U4.J7&K7","19.195"," 346.1"," 271.1","  60.0","  86.0"," 146.0"," 125.1","N/A","N/A","N/A","N/A","N/A","N/A","-0.469"
"DRAM_SDODT0","Pass","Write rank(1,1)","U1.AC16","U4.K1","DRAM_CLK0_P","U1.AD15&AE15","U4.J7&K7","29.513"," 362.9"," 287.9","  60.0","  88.0"," 148.0"," 139.9"," 452.5"," 377.5","  95.0","  50.0"," 145.0"," 232.5","-0.469"
"DRAM_SDODT0","Pass","Write rank(1,1)","U1.AC16","U5.K1","DRAM_CLK0_P","U1.AD15&AE15","U5.J7&K7","54.739"," 388.1"," 313.1","  60.0","  88.0"," 148.0"," 165.1"," 432.0"," 357.0","  95.0","  50.0"," 145.0"," 212.0","-0.469"
"DRAM_SDODT0","Pass","Write rank(1,1)","U1.AC16","U5.K1","DRAM_CLK0_P","U1.AD15&AE15","U5.J7&K7","29.413"," 396.0"," 321.0","  60.0","  88.0"," 148.0"," 173.0"," 407.4"," 332.4","  95.0","  50.0"," 145.0"," 187.4","-0.469"
"DRAM_WE_B","Pass","Write rank(1,1)","U1.AB16","U2.L3","DRAM_CLK0_P","U1.AD15&AE15","U2.J7&K7","18.553"," 424.8"," 349.8","  60.0","  88.0"," 148.0"," 201.8","N/A","N/A","N/A","N/A","N/A","N/A","-0.469"
"DRAM_WE_B","Pass","Write rank(1,1)","U1.AB16","U2.L3","DRAM_CLK0_P","U1.AD15&AE15","U2.J7&K7","53.260"," 428.3"," 353.3","  60.0","  88.0"," 148.0"," 205.3"," 380.2"," 305.2","  95.0","  50.0"," 145.0"," 160.2","-0.469"
"DRAM_WE_B","Pass","Write rank(1,1)","U1.AB16","U3.L3","DRAM_CLK0_P","U1.AD15&AE15","U3.J7&K7"," 9.025"," 389.5"," 314.5","  60.0","  88.0"," 148.0"," 166.5","N/A","N/A","N/A","N/A","N/A","N/A","-0.469"
"DRAM_WE_B","Pass","Write rank(1,1)","U1.AB16","U3.L3","DRAM_CLK0_P","U1.AD15&AE15","U3.J7&K7","53.112"," 400.5"," 325.5","  60.0","  88.0"," 148.0"," 177.5"," 407.9"," 332.9","  95.0","  50.0"," 145.0"," 187.9","-0.469"
"DRAM_WE_B","Pass","Write rank(1,1)","U1.AB16","U4.L3","DRAM_CLK0_P","U1.AD15&AE15","U4.J7&K7","43.583"," 368.9"," 293.9","  60.0","  88.0"," 148.0"," 145.9"," 449.9"," 374.9","  95.0","  50.0"," 145.0"," 229.9","-0.469"
"DRAM_WE_B","Pass","Write rank(1,1)","U1.AB16","U4.L3","DRAM_CLK0_P","U1.AD15&AE15","U4.J7&K7","50.149","N/A","N/A","N/A","N/A","N/A","N/A"," 432.7"," 357.7","  95.0","  50.0"," 145.0"," 212.7","-0.469"
"DRAM_WE_B","Pass","Write rank(1,1)","U1.AB16","U5.L3","DRAM_CLK0_P","U1.AD15&AE15","U5.J7&K7","43.483"," 402.9"," 327.9","  60.0","  88.0"," 148.0"," 179.9"," 421.9"," 346.9","  95.0","  50.0"," 145.0"," 201.9","-0.469"
"DRAM_WE_B","Pass","Write rank(1,1)","U1.AB16","U5.L3","DRAM_CLK0_P","U1.AD15&AE15","U5.J7&K7","52.863"," 415.4"," 340.4","  60.0","  88.0"," 148.0"," 192.4"," 397.9"," 322.9","  95.0","  50.0"," 145.0"," 177.9","-0.469"
